{
  "Model 1: BERT": {
    "mean": 10.246679316888045,
    "median": 2.0,
    "std": 33.89144215582904,
    "min": 0,
    "max": 265,
    "distribution": [
      1,
      3,
      3,
      1,
      3,
      3,
      2,
      2,
      3,
      3,
      19,
      19,
      1,
      1,
      2,
      2,
      1,
      2,
      1,
      3,
      3,
      3,
      3,
      4,
      2,
      2,
      2,
      2,
      2,
      2,
      2,
      2,
      2,
      2,
      2,
      2,
      2,
      2,
      2,
      2,
      2,
      2,
      2,
      2,
      3,
      3,
      2,
      2,
      1,
      1,
      1,
      1,
      3,
      3,
      44,
      44,
      3,
      3,
      1,
      1,
      6,
      6,
      6,
      6,
      3,
      3,
      3,
      3,
      2,
      4,
      4,
      1,
      1,
      1,
      1,
      3,
      21,
      21,
      3,
      3,
      2,
      2,
      31,
      31,
      3,
      3,
      2,
      2,
      31,
      31,
      1,
      1,
      3,
      3,
      2,
      31,
      3,
      2,
      31,
      1,
      3,
      1,
      1,
      16,
      16,
      16,
      16,
      1,
      16,
      16,
      3,
      2,
      2,
      1,
      1,
      1,
      1,
      1,
      1,
      1,
      1,
      1,
      1,
      4,
      4,
      2,
      3,
      4,
      3,
      3,
      3,
      1,
      1,
      5,
      4,
      18,
      5,
      1,
      1,
      3,
      1,
      1,
      1,
      6,
      1,
      1,
      1,
      1,
      1,
      106,
      106,
      1,
      1,
      127,
      127,
      1,
      1,
      1,
      1,
      1,
      1,
      1,
      2,
      2,
      4,
      4,
      5,
      5,
      5,
      3,
      3,
      3,
      3,
      3,
      3,
      3,
      3,
      1,
      6,
      6,
      3,
      3,
      6,
      6,
      3,
      6,
      6,
      6,
      1,
      1,
      31,
      1,
      1,
      3,
      7,
      7,
      3,
      44,
      1,
      1,
      2,
      1,
      3,
      1,
      142,
      3,
      16,
      3,
      3,
      1,
      5,
      5,
      2,
      2,
      2,
      5,
      2,
      1,
      1,
      1,
      1,
      1,
      1,
      1,
      2,
      1,
      1,
      5,
      5,
      1,
      11,
      1,
      1,
      1,
      1,
      1,
      1,
      1,
      7,
      162,
      1,
      1,
      1,
      27,
      27,
      14,
      14,
      2,
      2,
      1,
      1,
      1,
      1,
      5,
      5,
      1,
      1,
      1,
      1,
      1,
      1,
      1,
      184,
      184,
      1,
      1,
      3,
      7,
      3,
      1,
      3,
      1,
      1,
      12,
      1,
      1,
      1,
      1,
      1,
      1,
      1,
      1,
      1,
      1,
      1,
      1,
      1,
      1,
      1,
      1,
      1,
      1,
      6,
      6,
      6,
      6,
      6,
      12,
      12,
      1,
      1,
      2,
      3,
      1,
      1,
      1,
      1,
      1,
      1,
      1,
      7,
      1,
      7,
      1,
      3,
      2,
      1,
      1,
      1,
      14,
      8,
      54,
      1,
      1,
      1,
      1,
      1,
      1,
      1,
      3,
      4,
      5,
      3,
      14,
      14,
      14,
      14,
      14,
      14,
      14,
      14,
      14,
      14,
      14,
      14,
      14,
      14,
      14,
      14,
      14,
      14,
      14,
      14,
      14,
      14,
      14,
      14,
      7,
      4,
      2,
      1,
      1,
      3,
      1,
      1,
      1,
      1,
      1,
      3,
      23,
      1,
      1,
      3,
      3,
      6,
      2,
      2,
      2,
      2,
      2,
      2,
      2,
      2,
      2,
      2,
      2,
      2,
      2,
      2,
      1,
      1,
      1,
      1,
      1,
      1,
      1,
      1,
      1,
      1,
      1,
      1,
      1,
      1,
      1,
      1,
      1,
      1,
      1,
      1,
      1,
      1,
      1,
      1,
      1,
      1,
      1,
      1,
      1,
      1,
      1,
      1,
      1,
      1,
      1,
      1,
      1,
      1,
      1,
      1,
      1,
      1,
      1,
      1,
      1,
      1,
      1,
      1,
      1,
      1,
      1,
      1,
      1,
      1,
      1,
      1,
      1,
      1,
      1,
      1,
      90,
      1,
      3,
      18,
      1,
      2,
      3,
      23,
      1,
      5,
      4,
      7,
      3,
      3,
      3,
      3,
      6,
      6,
      6,
      6,
      6,
      6,
      1,
      27,
      27,
      3,
      16,
      8,
      2,
      1,
      1,
      5,
      5,
      1,
      10,
      3,
      1,
      7,
      5,
      30,
      3,
      20,
      2,
      5,
      4,
      4,
      1,
      0,
      5,
      5,
      3,
      0,
      0,
      0,
      0,
      12,
      5,
      5,
      5,
      1,
      1,
      236,
      1,
      265,
      265,
      265,
      2,
      7,
      2,
      3,
      3,
      1,
      1,
      213,
      213,
      213,
      216,
      3
    ]
  },
  "Model 2: LayoutLMv3": {
    "mean": 14.810246679316888,
    "median": 2.0,
    "std": 39.14608034759694,
    "min": 1,
    "max": 194,