{
  "qa_metrics": {
    "f1": 43.85058502312813,
    "exact_match": 37.76091081593928,
    "total": 527
  },
  "bio_metrics": {
    "micro_f1": 68.8840503541307,
    "macro_f1": 64.48889069958179,
    "per_class": {
      "O": {
        "precision": 90.64151072025088,
        "recall": 85.31940834857382,
        "f1": 87.8999735554674,
        "support": 62334
      },
      "B-ANSWER": {
        "precision": 67.61280108560443,
        "recall": 76.6243752402922,
        "f1": 71.8370779766911,
        "support": 7803
      },
      "I-ANSWER": {
        "precision": 60.233736684248626,
        "recall": 65.21106259097526,
        "f1": 62.623655913978496,
        "support": 8931
      },
      "B-QUESTION": {
        "precision": 77.02210070631124,
        "recall": 78.28855951829551,
        "f1": 77.65016653267487,
        "support": 8636
      },
      "I-QUESTION": {
        "precision": 73.12256628963472,
        "recall": 75.43758967001435,
        "f1": 74.26204039357846,
        "support": 10455
      },
      "B-HEADER": {
        "precision": 53.437213565536204,
        "recall": 48.38174273858921,
        "f1": 50.78397212543554,
        "support": 1205
      },
      "I-HEADER": {
        "precision": 18.702290076335878,
        "recall": 44.667274384685506,
        "f1": 26.365348399246706,
        "support": 1097
      }
    }
  }
}